{
  "sidebar": [
    {
      "id": "getstarted",
      "text": "Getting started",
      "isShow": true,
      "list": [
        {
          "id": "text-generator-sec",
          "text": "Connect with AI text generator"
        },
        {
          "id": "pernalized-sec",
          "text": "Get Personalized advices"
        },
        {
          "id": "engage-sec",
          "text": "Explore and engage"
        }
      ]
    },
    {
      "id": "pricing",
      "text": "Getting started",
      "isShow": false,
      "list": [
        {
          "id": "example1",
          "text": "Connect with AI text generator"
        },
        {
          "id": "example2",
          "text": "Get Personalized advices"
        },
        {
          "id": "example3",
          "text": "Get Personalized advices"
        }
      ]
    },
    {
      "id": "corefeature",
      "text": "Core Feature's",
      "isShow": false,
      "list": [
        {
          "id": "#",
          "text": "Connect with AI text generator"
        },
        {
          "id": "#",
          "text": "Get Personalized advices"
        },
        {
          "id": "#",
          "text": "Get Personalized advices"
        }
      ]
    }
  ]
}
